symbol,base_currency,quote_currency,tick_size,quote_increment,min_order_size,status,product_type,contract_type
2ZGUSD,2Z,GUSD,1e-06,1e-06,0.2,open,spot,vanilla
2ZRLUSD,2Z,RLUSD,1e-06,1e-06,0.2,open,spot,vanilla
2ZUSD,2Z,USD,1e-06,1e-06,0.2,open,spot,vanilla
2ZUSDC,2Z,USDC,1e-06,1e-06,0.2,open,spot,vanilla
AAVEGUSD,AAVE,GUSD,1e-06,0.0001,0.001,open,spot,vanilla
AAVERLUSD,AAVE,RLUSD,1e-06,0.0001,0.001,open,spot,vanilla
AAVEUSD,AAVE,USD,1e-06,0.0001,0.001,open,spot,vanilla
AAVEUSDC,AAVE,USDC,1e-06,0.0001,0.001,open,spot,vanilla
ALIGUSD,ALI,GUSD,1e-06,1e-06,2.0,open,spot,vanilla
ALIRLUSD,ALI,RLUSD,1e-06,1e-06,2.0,open,spot,vanilla
ALIUSD,ALI,USD,1e-06,1e-06,2.0,open,spot,vanilla
ALIUSDC,ALI,USDC,1e-06,1e-06,2.0,open,spot,vanilla
AMPGUSD,AMP,GUSD,1e-06,1e-05,10.0,open,spot,vanilla
AMPRLUSD,AMP,RLUSD,1e-06,1e-05,10.0,open,spot,vanilla
AMPUSD,AMP,USD,1e-06,1e-05,10.0,open,spot,vanilla
AMPUSDC,AMP,USDC,1e-06,1e-05,10.0,open,spot,vanilla
ANKRGUSD,ANKR,GUSD,1e-06,1e-06,0.1,open,spot,vanilla
ANKRRLUSD,ANKR,RLUSD,1e-06,1e-06,0.1,open,spot,vanilla
ANKRUSD,ANKR,USD,1e-06,1e-06,0.1,open,spot,vanilla
ANKRUSDC,ANKR,USDC,1e-06,1e-06,0.1,open,spot,vanilla
APEGUSD,APE,GUSD,1e-06,0.0001,0.02,open,spot,vanilla
APERLUSD,APE,RLUSD,1e-06,0.0001,0.02,open,spot,vanilla
APEUSD,APE,USD,1e-06,0.0001,0.02,open,spot,vanilla
APEUSDC,APE,USDC,1e-06,0.0001,0.02,open,spot,vanilla
API3GUSD,API3,GUSD,1e-06,0.001,0.03,open,spot,vanilla
API3RLUSD,API3,RLUSD,1e-06,0.001,0.03,open,spot,vanilla
API3USD,API3,USD,1e-06,0.001,0.03,open,spot,vanilla
API3USDC,API3,USDC,1e-06,0.001,0.03,open,spot,vanilla
ARBGUSD,ARB,GUSD,0.01,0.0001,0.2,open,spot,vanilla
ARBRLUSD,ARB,RLUSD,0.01,0.0001,0.2,open,spot,vanilla
ARBUSD,ARB,USD,0.01,0.0001,0.2,open,spot,vanilla
ARBUSDC,ARB,USDC,0.01,0.0001,0.2,open,spot,vanilla
ATOMGUSD,ATOM,GUSD,1e-06,0.001,0.01,open,spot,vanilla
ATOMRLUSD,ATOM,RLUSD,1e-06,0.001,0.01,open,spot,vanilla
ATOMUSD,ATOM,USD,1e-06,0.001,0.01,open,spot,vanilla
ATOMUSDC,ATOM,USDC,1e-06,0.001,0.01,open,spot,vanilla
AUDGUSD,AUD,GUSD,1e-06,1e-08,0.2,open,spot,vanilla
AUDRLUSD,AUD,RLUSD,1e-06,1e-08,0.2,open,spot,vanilla
AUDUSD,AUD,USD,1e-06,1e-08,0.2,open,spot,vanilla
AUDUSDC,AUD,USDC,1e-06,1e-08,0.2,open,spot,vanilla
AVAXGUSD,AVAX,GUSD,1e-06,0.001,0.00499999,open,spot,vanilla
AVAXGUSDPERP,AVAX,GUSD,0.1,0.001,0.1,open,swap,linear
AVAXRLUSD,AVAX,RLUSD,1e-06,0.001,0.00499999,open,spot,vanilla
AVAXUSD,AVAX,USD,1e-06,0.001,0.00499999,open,spot,vanilla
AVAXUSDC,AVAX,USDC,1e-06,0.001,0.00499999,open,spot,vanilla
AVAXUSDCPERP,AVAX,USDC,0.1,0.001,0.1,open,swap,linear
BATGUSD,BAT,GUSD,1e-06,1e-05,1.0,open,spot,vanilla
BATRLUSD,BAT,RLUSD,1e-06,1e-05,1.0,open,spot,vanilla
BATUSD,BAT,USD,1e-06,1e-05,1.0,open,spot,vanilla
BATUSDC,BAT,USDC,1e-06,1e-05,1.0,open,spot,vanilla
BCHGUSD,BCH,GUSD,1e-06,0.01,0.001,open,spot,vanilla
BCHGUSDPERP,BCH,GUSD,0.001,0.01,0.001,open,swap,linear
BCHRLUSD,BCH,RLUSD,1e-06,0.01,0.001,open,spot,vanilla
BCHUSD,BCH,USD,1e-06,0.01,0.001,open,spot,vanilla
BCHUSDC,BCH,USDC,1e-06,0.01,0.001,open,spot,vanilla
BCHUSDCPERP,BCH,USDC,0.001,0.01,0.001,open,swap,linear
BNBGUSD,BNB,GUSD,1e-06,0.0001,0.0002,open,spot,vanilla
BNBGUSDPERP,BNB,GUSD,0.01,0.05,0.01,open,swap,linear
BNBRLUSD,BNB,RLUSD,1e-06,0.0001,0.0002,open,spot,vanilla
BNBUSD,BNB,USD,1e-06,0.0001,0.0002,open,spot,vanilla
BNBUSDC,BNB,USDC,1e-06,0.0001,0.0002,open,spot,vanilla
BNBUSDCPERP,BNB,USDC,0.01,0.05,0.01,open,swap,linear
BOMEGUSD,BOME,GUSD,0.01,1e-06,10.0,open,spot,vanilla
BOMERLUSD,BOME,RLUSD,0.01,1e-06,10.0,open,spot,vanilla
BOMEUSD,BOME,USD,0.01,1e-06,10.0,open,spot,vanilla
BOMEUSDC,BOME,USDC,0.01,1e-06,10.0,open,spot,vanilla
BONKGUSD,BONK,GUSD,1e-06,1e-09,4000.0,open,spot,vanilla
BONKGUSDPERP,BONK,GUSD,1.0,1e-09,5000.0,open,swap,linear
BONKRLUSD,BONK,RLUSD,1e-06,1e-09,4000.0,open,spot,vanilla
BONKUSD,BONK,USD,1e-06,1e-09,4000.0,open,spot,vanilla
BONKUSDC,BONK,USDC,1e-06,1e-09,4000.0,open,spot,vanilla
BONKUSDCPERP,BONK,USDC,1.0,1e-09,5000.0,open,swap,linear
BTCEUR,BTC,EUR,1e-08,0.01,1e-05,open,spot,vanilla
BTCGBP,BTC,GBP,1e-08,0.01,1e-05,open,spot,vanilla
BTCGUSD,BTC,GUSD,1e-08,0.01,1e-05,open,spot,vanilla
BTCGUSDPERP,BTC,GUSD,0.0001,0.5,0.0001,open,swap,linear
BTCRLUSD,BTC,RLUSD,1e-08,0.01,1e-05,open,spot,vanilla
BTCSGD,BTC,SGD,1e-08,0.01,1e-05,open,spot,vanilla
BTCUSD,BTC,USD,1e-08,0.01,1e-05,open,spot,vanilla
BTCUSDC,BTC,USDC,1e-08,0.01,1e-05,open,spot,vanilla
BTCUSDCPERP,BTC,USDC,0.0001,0.5,0.0001,open,swap,linear
BTCUSDT,BTC,USDT,1e-08,0.01,1e-05,open,spot,vanilla
CHILLGUYGUSD,CHILLGUY,GUSD,0.01,0.0001,0.5,open,spot,vanilla
CHILLGUYRLUSD,CHILLGUY,RLUSD,0.01,0.0001,0.5,open,spot,vanilla
CHILLGUYUSD,CHILLGUY,USD,0.01,0.0001,0.5,open,spot,vanilla
CHILLGUYUSDC,CHILLGUY,USDC,0.01,0.0001,0.5,open,spot,vanilla
CHZGUSD,CHZ,GUSD,1e-06,1e-05,0.5,open,spot,vanilla
CHZRLUSD,CHZ,RLUSD,1e-06,1e-05,0.5,open,spot,vanilla
CHZUSD,CHZ,USD,1e-06,1e-05,0.5,open,spot,vanilla
CHZUSDC,CHZ,USDC,1e-06,1e-05,0.5,open,spot,vanilla
COMPGUSD,COMP,GUSD,1e-06,0.01,0.001,open,spot,vanilla
COMPRLUSD,COMP,RLUSD,1e-06,0.01,0.001,open,spot,vanilla
COMPUSD,COMP,USD,1e-06,0.01,0.001,open,spot,vanilla
COMPUSDC,COMP,USDC,1e-06,0.01,0.001,open,spot,vanilla
CRVGUSD,CRV,GUSD,1e-06,0.0001,0.1,open,spot,vanilla
CRVRLUSD,CRV,RLUSD,1e-06,0.0001,0.1,open,spot,vanilla
CRVUSD,CRV,USD,1e-06,0.0001,0.1,open,spot,vanilla
CRVUSDC,CRV,USDC,1e-06,0.0001,0.1,open,spot,vanilla
CTXGUSD,CTX,GUSD,1e-06,0.0001,0.002,open,spot,vanilla
CTXRLUSD,CTX,RLUSD,1e-06,0.0001,0.002,open,spot,vanilla
CTXUSD,CTX,USD,1e-06,0.0001,0.002,open,spot,vanilla
CTXUSDC,CTX,USDC,1e-06,0.0001,0.002,open,spot,vanilla
CUBEGUSD,CUBE,GUSD,1e-06,0.0001,0.01,open,spot,vanilla
CUBERLUSD,CUBE,RLUSD,1e-06,0.0001,0.01,open,spot,vanilla
CUBEUSD,CUBE,USD,1e-06,0.0001,0.01,open,spot,vanilla
CUBEUSDC,CUBE,USDC,1e-06,0.0001,0.01,open,spot,vanilla
DAIGUSD,DAI,GUSD,1e-06,1e-05,0.1,open,spot,vanilla
DAIRLUSD,DAI,RLUSD,1e-06,1e-05,0.1,open,spot,vanilla
DAIUSD,DAI,USD,1e-06,1e-05,0.1,open,spot,vanilla
DAIUSDC,DAI,USDC,1e-06,1e-05,0.1,open,spot,vanilla
DOGEBTC,DOGE,BTC,1e-08,1e-09,1.0,open,spot,vanilla
DOGEETH,DOGE,ETH,1e-08,1e-08,1.0,open,spot,vanilla
DOGEGUSD,DOGE,GUSD,1e-06,1e-05,0.1,open,spot,vanilla
DOGEGUSDPERP,DOGE,GUSD,1.0,1e-05,1.0,open,swap,linear
DOGERLUSD,DOGE,RLUSD,1e-06,1e-05,0.1,open,spot,vanilla
DOGEUSD,DOGE,USD,1e-06,1e-05,0.1,open,spot,vanilla
DOGEUSDC,DOGE,USDC,1e-06,1e-05,0.1,open,spot,vanilla
DOGEUSDCPERP,DOGE,USDC,1.0,1e-05,1.0,open,swap,linear
DOTGUSD,DOT,GUSD,1e-06,0.0001,0.01,open,spot,vanilla
DOTRLUSD,DOT,RLUSD,1e-06,0.0001,0.01,open,spot,vanilla
DOTUSD,DOT,USD,1e-06,0.0001,0.01,open,spot,vanilla
DOTUSDC,DOT,USDC,1e-06,0.0001,0.01,open,spot,vanilla
DRIFTGUSD,DRIFT,GUSD,1e-06,0.0001,0.1,open,spot,vanilla
DRIFTRLUSD,DRIFT,RLUSD,1e-06,0.0001,0.1,open,spot,vanilla
DRIFTUSD,DRIFT,USD,1e-06,0.0001,0.1,open,spot,vanilla
DRIFTUSDC,DRIFT,USDC,1e-06,0.0001,0.1,open,spot,vanilla
EFILFIL,EFIL,FIL,1e-06,0.0001,0.1,closed,spot,vanilla
ELONGUSD,ELON,GUSD,1e-06,1e-09,60000.0,open,spot,vanilla
ELONRLUSD,ELON,RLUSD,1e-06,1e-09,60000.0,open,spot,vanilla
ELONUSD,ELON,USD,1e-06,1e-09,60000.0,open,spot,vanilla
ELONUSDC,ELON,USDC,1e-06,1e-09,60000.0,open,spot,vanilla
ENSGUSD,ENS,GUSD,1e-06,0.001,0.002,open,spot,vanilla
ENSRLUSD,ENS,RLUSD,1e-06,0.001,0.002,open,spot,vanilla
ENSUSD,ENS,USD,1e-06,0.001,0.002,open,spot,vanilla
ENSUSDC,ENS,USDC,1e-06,0.001,0.002,open,spot,vanilla
ETHBTC,ETH,BTC,1e-06,1e-05,0.001,open,spot,vanilla
ETHEUR,ETH,EUR,1e-06,0.01,0.001,open,spot,vanilla
ETHGBP,ETH,GBP,1e-06,0.01,0.001,open,spot,vanilla
ETHGUSD,ETH,GUSD,1e-06,0.01,0.001,open,spot,vanilla
ETHGUSDPERP,ETH,GUSD,0.001,0.05,0.001,open,swap,linear
ETHRLUSD,ETH,RLUSD,1e-06,0.01,0.001,open,spot,vanilla
ETHSGD,ETH,SGD,1e-06,0.01,0.001,open,spot,vanilla
ETHUSD,ETH,USD,1e-06,0.01,0.001,open,spot,vanilla
ETHUSDC,ETH,USDC,1e-06,0.01,0.001,open,spot,vanilla
ETHUSDCPERP,ETH,USDC,0.001,0.05,0.001,open,swap,linear
ETHUSDT,ETH,USDT,1e-06,0.01,0.001,open,spot,vanilla
EULGUSD,EUL,GUSD,1e-06,0.0001,0.01,open,spot,vanilla
EULRLUSD,EUL,RLUSD,1e-06,0.0001,0.01,open,spot,vanilla
EULUSD,EUL,USD,1e-06,0.0001,0.01,open,spot,vanilla
EULUSDC,EUL,USDC,1e-06,0.0001,0.01,open,spot,vanilla
EURUSD,EUR,USD,1e-06,1e-05,0.1,open,spot,vanilla
EURUSDC,EUR,USDC,1e-06,1e-05,0.1,open,spot,vanilla
FARTCOINGUSD,FARTCOIN,GUSD,1e-06,1e-06,0.1,open,spot,vanilla
FARTCOINRLUSD,FARTCOIN,RLUSD,1e-06,1e-06,0.1,open,spot,vanilla
FARTCOINUSD,FARTCOIN,USD,1e-06,1e-06,0.1,open,spot,vanilla
FARTCOINUSDC,FARTCOIN,USDC,1e-06,1e-06,0.1,open,spot,vanilla
FETGUSD,FET,GUSD,1e-06,1e-05,0.1,open,spot,vanilla
FETRLUSD,FET,RLUSD,1e-06,1e-05,0.1,open,spot,vanilla
FETUSD,FET,USD,1e-06,1e-05,0.1,open,spot,vanilla
FETUSDC,FET,USDC,1e-06,1e-05,0.1,open,spot,vanilla
FILGUSD,FIL,GUSD,1e-06,0.0001,0.1,open,spot,vanilla
FILRLUSD,FIL,RLUSD,1e-06,0.0001,0.1,open,spot,vanilla
FILUSD,FIL,USD,1e-06,0.0001,0.1,open,spot,vanilla
FILUSDC,FIL,USDC,1e-06,0.0001,0.1,open,spot,vanilla
FLOKIGUSD,FLOKI,GUSD,1e-06,1e-07,400.0,open,spot,vanilla
FLOKIGUSDPERP,FLOKI,GUSD,1.0,1e-08,500.0,open,swap,linear
FLOKIRLUSD,FLOKI,RLUSD,1e-06,1e-07,400.0,open,spot,vanilla
FLOKIUSD,FLOKI,USD,1e-06,1e-07,400.0,open,spot,vanilla
FLOKIUSDC,FLOKI,USDC,1e-06,1e-07,400.0,open,spot,vanilla
FLOKIUSDCPERP,FLOKI,USDC,1.0,1e-08,500.0,open,swap,linear
FTMGUSD,FTM,GUSD,1e-06,0.0001,0.03,open,spot,vanilla
FTMRLUSD,FTM,RLUSD,1e-06,0.0001,0.03,open,spot,vanilla
FTMUSD,FTM,USD,1e-06,0.0001,0.03,open,spot,vanilla
FTMUSDC,FTM,USDC,1e-06,0.0001,0.03,open,spot,vanilla
GALAGUSD,GALA,GUSD,1e-06,1e-05,0.4,open,spot,vanilla
GALARLUSD,GALA,RLUSD,1e-06,1e-05,0.4,open,spot,vanilla
GALAUSD,GALA,USD,1e-06,1e-05,0.4,open,spot,vanilla
GALAUSDC,GALA,USDC,1e-06,1e-05,0.4,open,spot,vanilla
GMTGUSD,GMT,GUSD,1e-06,1e-05,0.1,open,spot,vanilla
GMTRLUSD,GMT,RLUSD,1e-06,1e-05,0.1,open,spot,vanilla
GMTUSD,GMT,USD,1e-06,1e-05,0.1,open,spot,vanilla
GMTUSDC,GMT,USDC,1e-06,1e-05,0.1,open,spot,vanilla
GOATGUSD,GOAT,GUSD,1e-06,0.0001,0.1,open,spot,vanilla
GOATRLUSD,GOAT,RLUSD,1e-06,0.0001,0.1,open,spot,vanilla
GOATUSD,GOAT,USD,1e-06,0.0001,0.1,open,spot,vanilla
GOATUSDC,GOAT,USDC,1e-06,0.0001,0.1,open,spot,vanilla
GRTGUSD,GRT,GUSD,1e-06,0.0001,0.1,open,spot,vanilla
GRTRLUSD,GRT,RLUSD,1e-06,0.0001,0.1,open,spot,vanilla
GRTUSD,GRT,USD,1e-06,0.0001,0.1,open,spot,vanilla
GRTUSDC,GRT,USDC,1e-06,0.0001,0.1,open,spot,vanilla
GUSDGBP,GUSD,GBP,0.0001,1e-05,0.1,open,spot,vanilla
GUSDSGD,GUSD,SGD,1e-06,1e-05,0.1,open,spot,vanilla
GUSDUSD,GUSD,USD,0.01,0.01,0.01,closed,spot,vanilla
HNTGUSD,HNT,GUSD,1e-06,0.0001,0.04,open,spot,vanilla
HNTRLUSD,HNT,RLUSD,1e-06,0.0001,0.04,open,spot,vanilla
HNTUSD,HNT,USD,1e-06,0.0001,0.04,open,spot,vanilla
HNTUSDC,HNT,USDC,1e-06,0.0001,0.04,open,spot,vanilla
HYPEGUSD,HYPE,GUSD,1e-06,0.0001,0.002,open,spot,vanilla
HYPEGUSDPERP,HYPE,GUSD,0.1,0.001,0.1,open,swap,linear
HYPERLUSD,HYPE,RLUSD,1e-06,0.0001,0.002,open,spot,vanilla
HYPEUSD,HYPE,USD,1e-06,0.0001,0.002,open,spot,vanilla
HYPEUSDC,HYPE,USDC,1e-06,0.0001,0.002,open,spot,vanilla
HYPEUSDCPERP,HYPE,USDC,0.1,0.001,0.1,open,swap,linear
IMXGUSD,IMX,GUSD,1e-06,1e-05,0.1,open,spot,vanilla
IMXRLUSD,IMX,RLUSD,1e-06,1e-05,0.1,open,spot,vanilla
IMXUSD,IMX,USD,1e-06,1e-05,0.1,open,spot,vanilla
IMXUSDC,IMX,USDC,1e-06,1e-05,0.1,open,spot,vanilla
INJGUSD,INJ,GUSD,1e-06,0.0001,0.01,open,spot,vanilla
INJGUSDPERP,INJ,GUSD,0.1,0.001,0.1,open,swap,linear
INJRLUSD,INJ,RLUSD,1e-06,0.0001,0.01,open,spot,vanilla
INJUSD,INJ,USD,1e-06,0.0001,0.01,open,spot,vanilla
INJUSDC,INJ,USDC,1e-06,0.0001,0.01,open,spot,vanilla
INJUSDCPERP,INJ,USDC,0.1,0.001,0.1,open,swap,linear
IOTXGUSD,IOTX,GUSD,1e-06,1e-06,3.0,open,spot,vanilla
IOTXRLUSD,IOTX,RLUSD,1e-06,1e-06,3.0,open,spot,vanilla
IOTXUSD,IOTX,USD,1e-06,1e-06,3.0,open,spot,vanilla
IOTXUSDC,IOTX,USDC,1e-06,1e-06,3.0,open,spot,vanilla
JITOSOLGUSD,JITOSOL,GUSD,1e-06,0.0001,0.0005,open,spot,vanilla
JITOSOLRLUSD,JITOSOL,RLUSD,1e-06,0.0001,0.0005,open,spot,vanilla
JITOSOLSOL,JITOSOL,SOL,1e-06,0.0001,0.0005,open,spot,vanilla
JITOSOLUSD,JITOSOL,USD,1e-06,0.0001,0.0005,open,spot,vanilla
JITOSOLUSDC,JITOSOL,USDC,1e-06,0.0001,0.0005,open,spot,vanilla
JTOGUSD,JTO,GUSD,1e-06,0.0001,0.05,open,spot,vanilla
JTORLUSD,JTO,RLUSD,1e-06,0.0001,0.05,open,spot,vanilla
JTOUSD,JTO,USD,1e-06,0.0001,0.05,open,spot,vanilla
JTOUSDC,JTO,USDC,1e-06,0.0001,0.05,open,spot,vanilla
JUPGUSD,JUP,GUSD,1e-06,1e-06,0.3,open,spot,vanilla
JUPRLUSD,JUP,RLUSD,1e-06,1e-06,0.3,open,spot,vanilla
JUPUSD,JUP,USD,1e-06,1e-06,0.3,open,spot,vanilla
JUPUSDC,JUP,USDC,1e-06,1e-06,0.3,open,spot,vanilla
KMNOGUSD,KMNO,GUSD,1e-06,1e-06,1.0,open,spot,vanilla
KMNORLUSD,KMNO,RLUSD,1e-06,1e-06,1.0,open,spot,vanilla
KMNOUSD,KMNO,USD,1e-06,1e-06,1.0,open,spot,vanilla
KMNOUSDC,KMNO,USDC,1e-06,1e-06,1.0,open,spot,vanilla
KSL2GUSDPERP,KSL2,GUSD,0.01,0.01,0.1,open,swap,linear
KSL2USDCPERP,KSL2,USDC,0.01,0.01,0.1,open,swap,linear
KT5GUSDPERP,KT5,GUSD,0.001,0.1,0.01,open,swap,linear
KT5USDCPERP,KT5,USDC,0.001,0.1,0.01,open,swap,linear
LDOGUSD,LDO,GUSD,1e-06,0.001,0.02,open,spot,vanilla
LDORLUSD,LDO,RLUSD,1e-06,0.001,0.02,open,spot,vanilla
LDOUSD,LDO,USD,1e-06,0.001,0.02,open,spot,vanilla
LDOUSDC,LDO,USDC,1e-06,0.001,0.02,open,spot,vanilla
LINKBTC,LINK,BTC,1e-06,1e-08,0.1,limit_only,spot,vanilla
LINKETH,LINK,ETH,1e-06,1e-07,0.1,limit_only,spot,vanilla
LINKGUSD,LINK,GUSD,1e-06,1e-05,0.1,open,spot,vanilla
LINKGUSDPERP,LINK,GUSD,0.1,0.001,0.1,open,swap,linear
LINKRLUSD,LINK,RLUSD,1e-06,1e-05,0.1,open,spot,vanilla
LINKSUSD,LINKS,USD,1e-06,1e-09,700.0,open,spot,vanilla
LINKUSD,LINK,USD,1e-06,1e-05,0.1,open,spot,vanilla
LINKUSDC,LINK,USDC,1e-06,1e-05,0.1,open,spot,vanilla
LINKUSDCPERP,LINK,USDC,0.1,0.001,0.1,open,swap,linear
LPTGUSD,LPT,GUSD,1e-06,0.0001,0.001,open,spot,vanilla
LPTRLUSD,LPT,RLUSD,1e-06,0.0001,0.001,open,spot,vanilla
LPTUSD,LPT,USD,1e-06,0.0001,0.001,open,spot,vanilla
LPTUSDC,LPT,USDC,1e-06,0.0001,0.001,open,spot,vanilla
LRCGUSD,LRC,GUSD,1e-06,1e-05,0.1,open,spot,vanilla
LRCRLUSD,LRC,RLUSD,1e-06,1e-05,0.1,open,spot,vanilla
LRCUSD,LRC,USD,1e-06,1e-05,0.1,open,spot,vanilla
LRCUSDC,LRC,USDC,1e-06,1e-05,0.1,open,spot,vanilla
LTCBTC,LTC,BTC,1e-05,1e-07,0.01,open,spot,vanilla
LTCETH,LTC,ETH,1e-05,1e-05,0.01,open,spot,vanilla
LTCGUSD,LTC,GUSD,1e-05,0.01,0.01,open,spot,vanilla
LTCGUSDPERP,LTC,GUSD,0.1,0.01,0.1,open,swap,linear
LTCRLUSD,LTC,RLUSD,1e-05,0.01,0.01,open,spot,vanilla
LTCUSD,LTC,USD,1e-05,0.01,0.01,open,spot,vanilla
LTCUSDC,LTC,USDC,1e-05,0.01,0.01,open,spot,vanilla
LTCUSDCPERP,LTC,USDC,0.1,0.01,0.1,open,swap,linear
MANAGUSD,MANA,GUSD,1e-06,1e-05,1.0,open,spot,vanilla
MANARLUSD,MANA,RLUSD,1e-06,1e-05,1.0,open,spot,vanilla
MANAUSD,MANA,USD,1e-06,1e-05,1.0,open,spot,vanilla
MANAUSDC,MANA,USDC,1e-06,1e-05,1.0,open,spot,vanilla
MASKGUSD,MASK,GUSD,1e-06,0.001,0.01,open,spot,vanilla
MASKRLUSD,MASK,RLUSD,1e-06,0.001,0.01,open,spot,vanilla
MASKUSD,MASK,USD,1e-06,0.001,0.01,open,spot,vanilla
MASKUSDC,MASK,USDC,1e-06,0.001,0.01,open,spot,vanilla
MEWGUSD,MEW,GUSD,0.01,1e-06,10.0,open,spot,vanilla
MEWGUSDPERP,MEW,GUSD,1.0,1e-06,10.0,open,swap,linear
MEWRLUSD,MEW,RLUSD,0.01,1e-06,10.0,open,spot,vanilla
MEWUSD,MEW,USD,0.01,1e-06,10.0,open,spot,vanilla
MEWUSDC,MEW,USDC,0.01,1e-06,10.0,open,spot,vanilla
MEWUSDCPERP,MEW,USDC,1.0,1e-06,10.0,open,swap,linear
MONGUSD,MON,GUSD,1e-06,1e-06,1.0,open,spot,vanilla
MONRLUSD,MON,RLUSD,1e-06,1e-06,1.0,open,spot,vanilla
MONUSD,MON,USD,1e-06,1e-06,1.0,open,spot,vanilla
MONUSDC,MON,USDC,1e-06,1e-06,1.0,open,spot,vanilla
MOODENGGUSD,MOODENG,GUSD,1e-06,1e-06,1.0,open,spot,vanilla
MOODENGRLUSD,MOODENG,RLUSD,1e-06,1e-06,1.0,open,spot,vanilla
MOODENGUSD,MOODENG,USD,1e-06,1e-06,1.0,open,spot,vanilla
MOODENGUSDC,MOODENG,USDC,1e-06,1e-06,1.0,open,spot,vanilla
OPGUSD,OP,GUSD,1e-06,0.0001,0.07,open,spot,vanilla
OPGUSDPERP,OP,GUSD,0.1,0.0001,1.0,open,swap,linear
OPRLUSD,OP,RLUSD,1e-06,0.0001,0.07,open,spot,vanilla
OPUSD,OP,USD,1e-06,0.0001,0.07,open,spot,vanilla
OPUSDC,OP,USDC,1e-06,0.0001,0.07,open,spot,vanilla
OPUSDCPERP,OP,USDC,0.1,0.0001,1.0,open,swap,linear
PAXGGUSD,PAXG,GUSD,1e-08,0.01,0.0001,open,spot,vanilla
PAXGRLUSD,PAXG,RLUSD,1e-08,0.01,0.0001,open,spot,vanilla
PAXGUSD,PAXG,USD,1e-08,0.01,0.0001,open,spot,vanilla
PAXGUSDC,PAXG,USDC,1e-08,0.01,0.0001,open,spot,vanilla
PENGUGUSD,PENGU,GUSD,1e-06,1e-07,3.0,open,spot,vanilla
PENGURLUSD,PENGU,RLUSD,1e-06,1e-07,3.0,open,spot,vanilla
PENGUUSD,PENGU,USD,1e-06,1e-07,3.0,open,spot,vanilla
PENGUUSDC,PENGU,USDC,1e-06,1e-07,3.0,open,spot,vanilla
PEPEGUSD,PEPE,GUSD,1e-06,1e-09,1000.0,open,spot,vanilla
PEPEGUSDPERP,PEPE,GUSD,1.0,1e-09,1.0,open,swap,linear
PEPERLUSD,PEPE,RLUSD,1e-06,1e-09,1000.0,open,spot,vanilla
PEPEUSD,PEPE,USD,1e-06,1e-09,1000.0,open,spot,vanilla
PEPEUSDC,PEPE,USDC,1e-06,1e-09,1000.0,open,spot,vanilla
PEPEUSDCPERP,PEPE,USDC,1.0,1e-09,1.0,open,swap,linear
PNUTGUSD,PNUT,GUSD,0.0001,0.0001,0.2,open,spot,vanilla
PNUTRLUSD,PNUT,RLUSD,0.0001,0.0001,0.2,open,spot,vanilla
PNUTUSD,PNUT,USD,0.0001,0.0001,0.2,open,spot,vanilla
PNUTUSDC,PNUT,USDC,0.0001,0.0001,0.2,open,spot,vanilla
POLGUSD,POL,GUSD,1e-06,1e-06,0.4,open,spot,vanilla
POLGUSDPERP,POL,GUSD,1.0,0.0001,1.0,open,swap,linear
POLRLUSD,POL,RLUSD,1e-06,1e-06,0.4,open,spot,vanilla
POLUSD,POL,USD,1e-06,1e-06,0.4,open,spot,vanilla
POLUSDC,POL,USDC,1e-06,1e-06,0.4,open,spot,vanilla
POLUSDCPERP,POL,USDC,1.0,0.0001,1.0,open,swap,linear
POPCATGUSD,POPCAT,GUSD,1e-06,0.0001,0.07,open,spot,vanilla
POPCATGUSDPERP,POPCAT,GUSD,0.1,0.0001,1.0,open,swap,linear
POPCATRLUSD,POPCAT,RLUSD,1e-06,0.0001,0.07,open,spot,vanilla
POPCATUSD,POPCAT,USD,1e-06,0.0001,0.07,open,spot,vanilla
POPCATUSDC,POPCAT,USDC,1e-06,0.0001,0.07,open,spot,vanilla
POPCATUSDCPERP,POPCAT,USDC,0.1,0.0001,1.0,open,swap,linear
PUMPGUSD,PUMP,GUSD,1e-05,1e-08,20.0,open,spot,vanilla
PUMPRLUSD,PUMP,RLUSD,1e-05,1e-08,20.0,open,spot,vanilla
PUMPUSD,PUMP,USD,1e-05,1e-08,20.0,open,spot,vanilla
PUMPUSDC,PUMP,USDC,1e-05,1e-08,20.0,open,spot,vanilla
PYTHGUSD,PYTH,GUSD,1e-06,1e-05,0.2,open,spot,vanilla
PYTHRLUSD,PYTH,RLUSD,1e-06,1e-05,0.2,open,spot,vanilla
PYTHUSD,PYTH,USD,1e-06,1e-05,0.2,open,spot,vanilla
PYTHUSDC,PYTH,USDC,1e-06,1e-05,0.2,open,spot,vanilla
QNTGUSD,QNT,GUSD,1e-06,0.01,0.0004,open,spot,vanilla
QNTRLUSD,QNT,RLUSD,1e-06,0.01,0.0004,open,spot,vanilla
QNTUSD,QNT,USD,1e-06,0.01,0.0004,open,spot,vanilla
QNTUSDC,QNT,USDC,1e-06,0.01,0.0004,open,spot,vanilla
RLUSDGUSD,RLUSD,GUSD,1e-06,0.0001,0.1,open,spot,vanilla
RLUSDUSD,RLUSD,USD,1e-06,0.0001,0.1,open,spot,vanilla
RLUSDUSDC,RLUSD,USDC,1e-06,0.0001,0.1,open,spot,vanilla
RNDRGUSD,RNDR,GUSD,1e-06,0.001,0.02,open,spot,vanilla
RNDRRLUSD,RNDR,RLUSD,1e-06,0.001,0.02,open,spot,vanilla
RNDRUSD,RNDR,USD,1e-06,0.001,0.02,open,spot,vanilla
RNDRUSDC,RNDR,USDC,1e-06,0.001,0.02,open,spot,vanilla
SAMOGUSD,SAMO,GUSD,1e-06,1e-07,10.0,open,spot,vanilla
SAMORLUSD,SAMO,RLUSD,1e-06,1e-07,10.0,open,spot,vanilla
SAMOUSD,SAMO,USD,1e-06,1e-07,10.0,open,spot,vanilla
SAMOUSDC,SAMO,USDC,1e-06,1e-07,10.0,open,spot,vanilla
SANDGUSD,SAND,GUSD,1e-06,1e-05,0.1,open,spot,vanilla
SANDRLUSD,SAND,RLUSD,1e-06,1e-05,0.1,open,spot,vanilla
SANDUSD,SAND,USD,1e-06,1e-05,0.1,open,spot,vanilla
SANDUSDC,SAND,USDC,1e-06,1e-05,0.1,open,spot,vanilla
SHIBGUSD,SHIB,GUSD,1e-06,1e-09,1000.0,open,spot,vanilla
SHIBGUSDPERP,SHIB,GUSD,50.0,1e-09,50.0,open,swap,linear
SHIBRLUSD,SHIB,RLUSD,1e-06,1e-09,1000.0,open,spot,vanilla
SHIBUSD,SHIB,USD,1e-06,1e-09,1000.0,open,spot,vanilla
SHIBUSDC,SHIB,USDC,1e-06,1e-09,1000.0,open,spot,vanilla
SHIBUSDCPERP,SHIB,USDC,50.0,1e-09,50.0,open,swap,linear
SKLGUSD,SKL,GUSD,1e-06,1e-05,0.1,open,spot,vanilla
SKLRLUSD,SKL,RLUSD,1e-06,1e-05,0.1,open,spot,vanilla
SKLUSD,SKL,USD,1e-06,1e-05,0.1,open,spot,vanilla
SKLUSDC,SKL,USDC,1e-06,1e-05,0.1,open,spot,vanilla
SKYGUSD,SKY,GUSD,1e-06,1e-07,1.0,open,spot,vanilla
SKYRLUSD,SKY,RLUSD,1e-06,1e-07,1.0,open,spot,vanilla
SKYUSD,SKY,USD,1e-06,1e-07,1.0,open,spot,vanilla
SKYUSDC,SKY,USDC,1e-06,1e-07,1.0,open,spot,vanilla
SOLBTC,SOL,BTC,1e-06,1e-07,0.001,open,spot,vanilla
SOLETH,SOL,ETH,1e-06,1e-06,0.001,open,spot,vanilla
SOLGUSD,SOL,GUSD,1e-06,0.001,0.001,open,spot,vanilla
SOLGUSDPERP,SOL,GUSD,0.1,0.005,0.1,open,swap,linear
SOLRLUSD,SOL,RLUSD,1e-06,0.001,0.001,open,spot,vanilla
SOLUSD,SOL,USD,1e-06,0.001,0.001,open,spot,vanilla
SOLUSDC,SOL,USDC,1e-06,0.001,0.001,open,spot,vanilla
SOLUSDCPERP,SOL,USDC,0.1,0.005,0.1,open,swap,linear
STORJGUSD,STORJ,GUSD,1e-06,1e-05,0.1,open,spot,vanilla
STORJRLUSD,STORJ,RLUSD,1e-06,1e-05,0.1,open,spot,vanilla
STORJUSD,STORJ,USD,1e-06,1e-05,0.1,open,spot,vanilla
STORJUSDC,STORJ,USDC,1e-06,1e-05,0.1,open,spot,vanilla
SUIGUSD,SUI,GUSD,1e-06,0.0001,0.2,open,spot,vanilla
SUIRLUSD,SUI,RLUSD,1e-06,0.0001,0.2,open,spot,vanilla
SUIUSD,SUI,USD,1e-06,0.0001,0.2,open,spot,vanilla
SUIUSDC,SUI,USDC,1e-06,0.0001,0.2,open,spot,vanilla
SUSHIGUSD,SUSHI,GUSD,1e-06,0.0001,0.01,open,spot,vanilla
SUSHIRLUSD,SUSHI,RLUSD,1e-06,0.0001,0.01,open,spot,vanilla
SUSHIUSD,SUSHI,USD,1e-06,0.0001,0.01,open,spot,vanilla
SUSHIUSDC,SUSHI,USDC,1e-06,0.0001,0.01,open,spot,vanilla
TONGUSD,TON,GUSD,1e-06,0.0001,0.05,open,spot,vanilla
TONRLUSD,TON,RLUSD,1e-06,0.0001,0.05,open,spot,vanilla
TONUSD,TON,USD,1e-06,0.0001,0.05,open,spot,vanilla
TONUSDC,TON,USDC,1e-06,0.0001,0.05,open,spot,vanilla
TRUMPGUSD,TRUMP,GUSD,1e-06,0.0001,0.01,open,spot,vanilla
TRUMPGUSDPERP,TRUMP,GUSD,0.001,0.001,0.1,open,swap,linear
TRUMPRLUSD,TRUMP,RLUSD,1e-06,0.0001,0.01,open,spot,vanilla
TRUMPUSD,TRUMP,USD,1e-06,0.0001,0.01,open,spot,vanilla
TRUMPUSDC,TRUMP,USDC,1e-06,0.0001,0.01,open,spot,vanilla
TRXGUSD,TRX,GUSD,1e-06,1e-06,0.3,open,spot,vanilla
TRXRLUSD,TRX,RLUSD,1e-06,1e-06,0.3,open,spot,vanilla
TRXUSD,TRX,USD,1e-06,1e-06,0.3,open,spot,vanilla
TRXUSDC,TRX,USDC,1e-06,1e-06,0.3,open,spot,vanilla
UMAGUSD,UMA,GUSD,1e-06,0.0001,0.01,open,spot,vanilla
UMARLUSD,UMA,RLUSD,1e-06,0.0001,0.01,open,spot,vanilla
UMAUSD,UMA,USD,1e-06,0.0001,0.01,open,spot,vanilla
UMAUSDC,UMA,USDC,1e-06,0.0001,0.01,open,spot,vanilla
UNIGUSD,UNI,GUSD,1e-06,0.0001,0.01,open,spot,vanilla
UNIGUSDPERP,UNI,GUSD,0.1,0.001,0.1,open,swap,linear
UNIRLUSD,UNI,RLUSD,1e-06,0.0001,0.01,open,spot,vanilla
UNIUSD,UNI,USD,1e-06,0.0001,0.01,open,spot,vanilla
UNIUSDC,UNI,USDC,1e-06,0.0001,0.01,open,spot,vanilla
UNIUSDCPERP,UNI,USDC,0.1,0.001,0.1,open,swap,linear
USD1USD,USD1,USD,1e-06,1e-05,0.1,open,spot,vanilla
USDCUSD,USDC,USD,1e-06,1e-05,0.1,open,spot,vanilla
USDGGUSD,USDG,GUSD,1e-06,1e-06,0.1,open,spot,vanilla
USDGRLUSD,USDG,RLUSD,1e-06,1e-06,0.1,open,spot,vanilla
USDGUSD,USDG,USD,1e-06,1e-06,0.1,open,spot,vanilla
USDGUSDC,USDG,USDC,1e-06,1e-06,0.1,open,spot,vanilla
USDTGUSD,USDT,GUSD,1e-06,1e-05,0.1,open,spot,vanilla
USDTRLUSD,USDT,RLUSD,1e-06,1e-05,0.1,open,spot,vanilla
USDTUSD,USDT,USD,1e-06,1e-05,0.1,open,spot,vanilla
USDTUSDC,USDT,USDC,1e-06,1e-05,0.1,open,spot,vanilla
WCTGUSD,WCT,GUSD,1e-06,1e-06,0.3,open,spot,vanilla
WCTRLUSD,WCT,RLUSD,1e-06,1e-06,0.3,open,spot,vanilla
WCTUSD,WCT,USD,1e-06,1e-06,0.3,open,spot,vanilla
WCTUSDC,WCT,USDC,1e-06,1e-06,0.3,open,spot,vanilla
WIFGUSD,WIF,GUSD,1e-06,0.0001,0.07,open,spot,vanilla
WIFGUSDPERP,WIF,GUSD,1.0,1e-05,1.0,open,swap,linear
WIFRLUSD,WIF,RLUSD,1e-06,0.0001,0.07,open,spot,vanilla
WIFUSD,WIF,USD,1e-06,0.0001,0.07,open,spot,vanilla
WIFUSDC,WIF,USDC,1e-06,0.0001,0.07,open,spot,vanilla
WIFUSDCPERP,WIF,USDC,1.0,1e-05,1.0,open,swap,linear
WLDGUSD,WLD,GUSD,1e-06,1e-06,0.1,open,spot,vanilla
WLDRLUSD,WLD,RLUSD,1e-06,1e-06,0.1,open,spot,vanilla
WLDUSD,WLD,USD,1e-06,1e-06,0.1,open,spot,vanilla
WLDUSDC,WLD,USDC,1e-06,1e-06,0.1,open,spot,vanilla
WLFIGUSD,WLFI,GUSD,1e-06,1e-06,0.1,open,spot,vanilla
WLFIRLUSD,WLFI,RLUSD,1e-06,1e-06,0.1,open,spot,vanilla
WLFIUSD,WLFI,USD,1e-06,1e-06,0.1,open,spot,vanilla
WLFIUSDC,WLFI,USDC,1e-06,1e-06,0.1,open,spot,vanilla
XRPGUSD,XRP,GUSD,1e-06,1e-05,0.1,open,spot,vanilla
XRPGUSDPERP,XRP,GUSD,1.0,0.0001,1.0,open,swap,linear
XRPRLUSD,XRP,RLUSD,1e-06,1e-05,0.1,open,spot,vanilla
XRPUSD,XRP,USD,1e-06,1e-05,0.1,open,spot,vanilla
XRPUSDC,XRP,USDC,1e-06,1e-05,0.1,open,spot,vanilla
XRPUSDCPERP,XRP,USDC,1.0,0.0001,1.0,open,swap,linear
XTZGUSD,XTZ,GUSD,1e-06,0.0001,0.02,open,spot,vanilla
XTZRLUSD,XTZ,RLUSD,1e-06,0.0001,0.02,open,spot,vanilla
XTZUSD,XTZ,USD,1e-06,0.0001,0.02,open,spot,vanilla
XTZUSDC,XTZ,USDC,1e-06,0.0001,0.02,open,spot,vanilla
YFIGUSD,YFI,GUSD,1e-06,0.01,1e-05,open,spot,vanilla
YFIRLUSD,YFI,RLUSD,1e-06,0.01,1e-05,open,spot,vanilla
YFIUSD,YFI,USD,1e-06,0.01,1e-05,open,spot,vanilla
YFIUSDC,YFI,USDC,1e-06,0.01,1e-05,open,spot,vanilla
ZECGUSD,ZEC,GUSD,1e-06,0.01,0.001,open,spot,vanilla
ZECRLUSD,ZEC,RLUSD,1e-06,0.01,0.001,open,spot,vanilla
ZECUSD,ZEC,USD,1e-06,0.01,0.001,open,spot,vanilla
ZECUSDC,ZEC,USDC,1e-06,0.01,0.001,open,spot,vanilla
